[
  {"id": "Bin 1", "location": "Main Street", "fill_level": 78, "predicted_full_time": "2 hours"},
  {"id": "Bin 2", "location": "Market Square", "fill_level": 92, "predicted_full_time": "30 minutes"},
  {"id": "Bin 3", "location": "School Road", "fill_level": 45, "predicted_full_time": "5 hours"},
  {"id": "Bin 4", "location": "Hospital Lane", "fill_level": 63, "predicted_full_time": "3.5 hours"},
  {"id": "Bin 5", "location": "Temple Street", "fill_level": 85, "predicted_full_time": "1 hour"},
  {"id": "Bin 6", "location": "Library Avenue", "fill_level": 52, "predicted_full_time": "4 hours"},
  {"id": "Bin 7", "location": "Tech Park Gate 2", "fill_level": 96, "predicted_full_time": "15 minutes"},
  {"id": "Bin 8", "location": "University Hostel Road", "fill_level": 68, "predicted_full_time": "2.5 hours"},
  {"id": "Bin 9", "location": "Central Bus Station", "fill_level": 88, "predicted_full_time": "50 minutes"},
  {"id": "Bin 10", "location": "City Mall Parking", "fill_level": 39, "predicted_full_time": "6 hours"},
  {"id": "Bin 11", "location": "Green Park", "fill_level": 42, "predicted_full_time": "5.5 hours"},
  {"id": "Bin 12", "location": "East Side Plaza", "fill_level": 77, "predicted_full_time": "2 hours"},
  {"id": "Bin 13", "location": "West End", "fill_level": 60, "predicted_full_time": "3 hours"},
  {"id": "Bin 14", "location": "South Gate", "fill_level": 55, "predicted_full_time": "3.8 hours"},
  {"id": "Bin 15", "location": "North Station", "fill_level": 90, "predicted_full_time": "45 minutes"},
  {"id": "Bin 16", "location": "Riverfront", "fill_level": 48, "predicted_full_time": "5 hours"},
  {"id": "Bin 17", "location": "Hilltop Road", "fill_level": 35, "predicted_full_time": "7 hours"},
  {"id": "Bin 18", "location": "Sunset Boulevard", "fill_level": 83, "predicted_full_time": "1.5 hours"},
  {"id": "Bin 19", "location": "Airport Terminal", "fill_level": 95, "predicted_full_time": "20 minutes"},
  {"id": "Bin 20", "location": "City Library", "fill_level": 50, "predicted_full_time": "4.5 hours"},
  {"id": "Bin 21", "location": "Museum Entrance", "fill_level": 70, "predicted_full_time": "2.8 hours"},
  {"id": "Bin 22", "location": "Sports Complex", "fill_level": 40, "predicted_full_time": "6 hours"},
  {"id": "Bin 23", "location": "Cinema Hall", "fill_level": 65, "predicted_full_time": "3 hours"},
  {"id": "Bin 24", "location": "Town Hall", "fill_level": 82, "predicted_full_time": "1.8 hours"},
  {"id": "Bin 25", "location": "Community Center", "fill_level": 55, "predicted_full_time": "3.8 hours"},
  {"id": "Bin 26", "location": "Main Market", "fill_level": 89, "predicted_full_time": "50 minutes"},
  {"id": "Bin 27", "location": "Tech Hub", "fill_level": 38, "predicted_full_time": "6.5 hours"},
  {"id": "Bin 28", "location": "City Zoo", "fill_level": 60, "predicted_full_time": "3 hours"},
  {"id": "Bin 29", "location": "Train Station", "fill_level": 77, "predicted_full_time": "2 hours"},
  {"id": "Bin 30", "location": "City Hospital", "fill_level": 92, "predicted_full_time": "30 minutes"},
  {"id": "Bin 31", "location": "Old Town", "fill_level": 45, "predicted_full_time": "5 hours"},
  {"id": "Bin 32", "location": "Fire Station", "fill_level": 63, "predicted_full_time": "3.5 hours"},
  {"id": "Bin 33", "location": "Police Headquarters", "fill_level": 85, "predicted_full_time": "1 hour"},
  {"id": "Bin 34", "location": "City Square", "fill_level": 52, "predicted_full_time": "4 hours"},
  {"id": "Bin 35", "location": "University Main Gate", "fill_level": 96, "predicted_full_time": "15 minutes"},
  {"id": "Bin 36", "location": "City Park", "fill_level": 68, "predicted_full_time": "2.5 hours"},
  {"id": "Bin 37", "location": "Bus Depot", "fill_level": 88, "predicted_full_time": "50 minutes"},
  {"id": "Bin 38", "location": "Shopping Mall", "fill_level": 39, "predicted_full_time": "6 hours"},
  {"id": "Bin 39", "location": "Community Library", "fill_level": 42, "predicted_full_time": "5.5 hours"},
  {"id": "Bin 40", "location": "City Hall", "fill_level": 77, "predicted_full_time": "2 hours"},
  {"id": "Bin 41", "location": "West End Mall", "fill_level": 60, "predicted_full_time": "3 hours"},
  {"id": "Bin 42", "location": "East Side Park", "fill_level": 55, "predicted_full_time": "3.8 hours"},
  {"id": "Bin 43", "location": "Downtown Plaza", "fill_level": 90, "predicted_full_time": "45 minutes"},
  {"id": "Bin 44", "location": "Central Library", "fill_level": 48, "predicted_full_time": "5 hours"},
  {"id": "Bin 45", "location": "Museum Square", "fill_level": 35, "predicted_full_time": "7 hours"},
  {"id": "Bin 46", "location": "Sunset Park", "fill_level": 83, "predicted_full_time": "1.5 hours"},
  {"id": "Bin 47", "location": "Airport Lounge", "fill_level": 95, "predicted_full_time": "20 minutes"},
  {"id": "Bin 48", "location": "City Market", "fill_level": 50, "predicted_full_time": "4.5 hours"},
  {"id": "Bin 49", "location": "Tech Conference Center", "fill_level": 70, "predicted_full_time": "2.8 hours"},
  {"id": "Bin 50", "location": "Garden Walk", "fill_level": 40, "predicted_full_time": "6 hours"}
]
